DATE,TIME PERIOD,Bank interest rates - loans to households for consumption (new business)  (MIR.M.FR.B.A2B.A.R.A.2250.EUR.N)
2000-01-31,2000Jan,7.6000
2000-02-29,2000Feb,7.5900
2000-03-31,2000Mar,7.6300
2000-04-30,2000Apr,7.7000
2000-05-31,2000May,7.7100
2000-06-30,2000Jun,7.7500
2000-07-31,2000Jul,7.7700
2000-08-31,2000Aug,7.8000
2000-09-30,2000Sep,7.8600
2000-10-31,2000Oct,7.8400
2000-11-30,2000Nov,7.9800
2000-12-31,2000Dec,8.0800
2001-01-31,2001Jan,8.0600
2001-02-28,2001Feb,8.0700
2001-03-31,2001Mar,8.0600
2001-04-30,2001Apr,7.8700
2001-05-31,2001May,8.0000
2001-06-30,2001Jun,7.9300
2001-07-31,2001Jul,7.7700
2001-08-31,2001Aug,7.8400
2001-09-30,2001Sep,7.7000
2001-10-31,2001Oct,7.4500
2001-11-30,2001Nov,7.5100
2001-12-31,2001Dec,7.5600
2002-01-31,2002Jan,7.4900
2002-02-28,2002Feb,7.4900
2002-03-31,2002Mar,7.4800
2002-04-30,2002Apr,7.4500
2002-05-31,2002May,7.4200
2002-06-30,2002Jun,7.4900
2002-07-31,2002Jul,7.4200
2002-08-31,2002Aug,7.2500
2002-09-30,2002Sep,7.2600
2002-10-31,2002Oct,7.0900
2002-11-30,2002Nov,7.0700
2002-12-31,2002Dec,7.1900
2003-01-31,2003Jan,6.9900
2003-02-28,2003Feb,7.0200
2003-03-31,2003Mar,7.2400
2003-04-30,2003Apr,7.0700
2003-05-31,2003May,6.8600
2003-06-30,2003Jun,6.7600
2003-07-31,2003Jul,6.7400
2003-08-31,2003Aug,6.8100
2003-09-30,2003Sep,6.5400
2003-10-31,2003Oct,6.6600
2003-11-30,2003Nov,6.6000
2003-12-31,2003Dec,6.4700
2004-01-31,2004Jan,6.8700
2004-02-29,2004Feb,6.6900
2004-03-31,2004Mar,6.8200
2004-04-30,2004Apr,6.5700
2004-05-31,2004May,6.4700
2004-06-30,2004Jun,6.5500
2004-07-31,2004Jul,6.5800
2004-08-31,2004Aug,6.7200
2004-09-30,2004Sep,6.3700
2004-10-31,2004Oct,6.2400
2004-11-30,2004Nov,6.3800
2004-12-31,2004Dec,6.3600
2005-01-31,2005Jan,6.3900
2005-02-28,2005Feb,6.4500
2005-03-31,2005Mar,6.1900
2005-04-30,2005Apr,6.2200
2005-05-31,2005May,6.0500
2005-06-30,2005Jun,6.1100
2005-07-31,2005Jul,6.0600
2005-08-31,2005Aug,6.1000
2005-09-30,2005Sep,5.7500
2005-10-31,2005Oct,5.8600
2005-11-30,2005Nov,6.0100
2005-12-31,2005Dec,6.0800
2006-01-31,2006Jan,6.2300
2006-02-28,2006Feb,5.7900
2006-03-31,2006Mar,5.7700
2006-04-30,2006Apr,5.9500
2006-05-31,2006May,5.9600
2006-06-30,2006Jun,6.0400
2006-07-31,2006Jul,6.0800
2006-08-31,2006Aug,6.2000
2006-09-30,2006Sep,6.2100
2006-10-31,2006Oct,6.1100
2006-11-30,2006Nov,6.3200
2006-12-31,2006Dec,6.5300
2007-01-31,2007Jan,6.5200
2007-02-28,2007Feb,6.5900
2007-03-31,2007Mar,6.5600
2007-04-30,2007Apr,6.5800
2007-05-31,2007May,6.6100
2007-06-30,2007Jun,6.6200
2007-07-31,2007Jul,6.7300
2007-08-31,2007Aug,6.8600
2007-09-30,2007Sep,6.9600
2007-10-31,2007Oct,7.0100
2007-11-30,2007Nov,7.0700
2007-12-31,2007Dec,7.1200
2008-01-31,2008Jan,7.1800
2008-02-29,2008Feb,7.2500
2008-03-31,2008Mar,7.1900
2008-04-30,2008Apr,7.1400
2008-05-31,2008May,7.0800
2008-06-30,2008Jun,7.1100
2008-07-31,2008Jul,7.3000
2008-08-31,2008Aug,7.5500
2008-09-30,2008Sep,7.4600
2008-10-31,2008Oct,7.4700
2008-11-30,2008Nov,7.5000
2008-12-31,2008Dec,7.5100
2009-01-31,2009Jan,7.4600
2009-02-28,2009Feb,7.2500
2009-03-31,2009Mar,7.0600
2009-04-30,2009Apr,6.9400
2009-05-31,2009May,6.9200
2009-06-30,2009Jun,6.6600
2009-07-31,2009Jul,6.7700
2009-08-31,2009Aug,6.7800
2009-09-30,2009Sep,6.5700
2009-10-31,2009Oct,6.4600
2009-11-30,2009Nov,6.4400
2009-12-31,2009Dec,6.3400
2010-01-31,2010Jan,6.5200
2010-02-28,2010Feb,6.3100
2010-03-31,2010Mar,6.2600
2010-04-30,2010Apr,6.1800
2010-05-31,2010May,6.2000
2010-06-30,2010Jun,6.1800
2010-07-31,2010Jul,6.1500
2010-08-31,2010Aug,6.0800
2010-09-30,2010Sep,5.9600
2010-10-31,2010Oct,5.7800
2010-11-30,2010Nov,5.7900
2010-12-31,2010Dec,5.7400
2011-01-31,2011Jan,5.9400
2011-02-28,2011Feb,6.0400
2011-03-31,2011Mar,6.0800
2011-04-30,2011Apr,6.1400
2011-05-31,2011May,6.2000
2011-06-30,2011Jun,6.2200
2011-07-31,2011Jul,6.2400
2011-08-31,2011Aug,6.2700
2011-09-30,2011Sep,6.1600
2011-10-31,2011Oct,6.2200
2011-11-30,2011Nov,6.2900
2011-12-31,2011Dec,6.3500
2012-01-31,2012Jan,6.5900
2012-02-29,2012Feb,6.6600
2012-03-31,2012Mar,6.6700
2012-04-30,2012Apr,6.5500
2012-05-31,2012May,6.5300
2012-06-30,2012Jun,6.4400
2012-07-31,2012Jul,6.3400
2012-08-31,2012Aug,6.3800
2012-09-30,2012Sep,6.2200
2012-10-31,2012Oct,6.1200
2012-11-30,2012Nov,6.1400
2012-12-31,2012Dec,6.0800
2013-01-31,2013Jan,6.1700
2013-02-28,2013Feb,6.0800
2013-03-31,2013Mar,6.0900
2013-04-30,2013Apr,5.9900
2013-05-31,2013May,5.9300
2013-06-30,2013Jun,5.8500
2013-07-31,2013Jul,5.7500
2013-08-31,2013Aug,5.8000
2013-09-30,2013Sep,5.7900
2013-10-31,2013Oct,5.7300
2013-11-30,2013Nov,5.7600
2013-12-31,2013Dec,5.8300
2014-01-31,2014Jan,5.9000
2014-02-28,2014Feb,5.8500
2014-03-31,2014Mar,5.7900
2014-04-30,2014Apr,5.6300
2014-05-31,2014May,5.5900
2014-06-30,2014Jun,5.4400
2014-07-31,2014Jul,5.2700
2014-08-31,2014Aug,5.3600
2014-09-30,2014Sep,5.2000
2014-10-31,2014Oct,5.0200
2014-11-30,2014Nov,5.1600
2014-12-31,2014Dec,4.9700
2015-01-31,2015Jan,5.0100
2015-02-28,2015Feb,4.9600
2015-03-31,2015Mar,4.8500
2015-04-30,2015Apr,4.6400
2015-05-31,2015May,4.6500
2015-06-30,2015Jun,4.3900
2015-07-31,2015Jul,4.2900
2015-08-31,2015Aug,4.5100
2015-09-30,2015Sep,4.3700
2015-10-31,2015Oct,4.2800
2015-11-30,2015Nov,4.6100
2015-12-31,2015Dec,4.3000
2016-01-31,2016Jan,4.5500
2016-02-29,2016Feb,4.3600
2016-03-31,2016Mar,4.3300
2016-04-30,2016Apr,4.3000
2016-05-31,2016May,4.3000
2016-06-30,2016Jun,3.9800
2016-07-31,2016Jul,3.9500
2016-08-31,2016Aug,4.1600
2016-09-30,2016Sep,3.8300
2016-10-31,2016Oct,3.7600
2016-11-30,2016Nov,3.9100
2016-12-31,2016Dec,3.8400
2017-01-31,2017Jan,4.0500
2017-02-28,2017Feb,3.9700
2017-03-31,2017Mar,3.9000
2017-04-30,2017Apr,3.8900
2017-05-31,2017May,3.8900
2017-06-30,2017Jun,3.7200
2017-07-31,2017Jul,3.8100
2017-08-31,2017Aug,4.0100
2017-09-30,2017Sep,3.7500
2017-10-31,2017Oct,3.7300
2017-11-30,2017Nov,3.7900
2017-12-31,2017Dec,3.5500
2018-01-31,2018Jan,3.8800
2018-02-28,2018Feb,3.8200
2018-03-31,2018Mar,3.7600
2018-04-30,2018Apr,3.7700
2018-05-31,2018May,3.7900
2018-06-30,2018Jun,3.6500
2018-07-31,2018Jul,3.6100
2018-08-31,2018Aug,3.8600
2018-09-30,2018Sep,3.6700
2018-10-31,2018Oct,3.6600
2018-11-30,2018Nov,3.7800
2018-12-31,2018Dec,3.5600
2019-01-31,2019Jan,3.7900
2019-02-28,2019Feb,3.8900
2019-03-31,2019Mar,3.7800
2019-04-30,2019Apr,3.9100
2019-05-31,2019May,3.9500
2019-06-30,2019Jun,3.7600
2019-07-31,2019Jul,3.6900
2019-08-31,2019Aug,3.8000
2019-09-30,2019Sep,3.5400
2019-10-31,2019Oct,3.6600
2019-11-30,2019Nov,3.7100
2019-12-31,2019Dec,3.5000
2020-01-31,2020Jan,3.6900
2020-02-29,2020Feb,3.8100
2020-03-31,2020Mar,3.7100
2020-04-30,2020Apr,2.5600
2020-05-31,2020May,3.0100
2020-06-30,2020Jun,3.3200
2020-07-31,2020Jul,3.4200
2020-08-31,2020Aug,3.6100
2020-09-30,2020Sep,3.4500
2020-10-31,2020Oct,3.5700
2020-11-30,2020Nov,3.5700
2020-12-31,2020Dec,3.4600
2021-01-31,2021Jan,3.5100
2021-02-28,2021Feb,3.4600
2021-03-31,2021Mar,3.5100
2021-04-30,2021Apr,3.4800
2021-05-31,2021May,3.5300
2021-06-30,2021Jun,3.4000
2021-07-31,2021Jul,3.4000
2021-08-31,2021Aug,3.5300
2021-09-30,2021Sep,3.4000
2021-10-31,2021Oct,3.4600
2021-11-30,2021Nov,3.5400
2021-12-31,2021Dec,3.4500
2022-01-31,2022Jan,3.5500
2022-02-28,2022Feb,3.4900
2022-03-31,2022Mar,3.4900
2022-04-30,2022Apr,3.6400
2022-05-31,2022May,3.7200
2022-06-30,2022Jun,3.6900
2022-07-31,2022Jul,3.8300
2022-08-31,2022Aug,3.8900
2022-09-30,2022Sep,3.8700
2022-10-31,2022Oct,4.3000
2022-11-30,2022Nov,4.6200
2022-12-31,2022Dec,4.7700
2023-01-31,2023Jan,4.9500
2023-02-28,2023Feb,5.2600
2023-03-31,2023Mar,5.4100
2023-04-30,2023Apr,5.6200
2023-05-31,2023May,5.7500
2023-06-30,2023Jun,5.8300
2023-07-31,2023Jul,5.9000
2023-08-31,2023Aug,5.9500
2023-09-30,2023Sep,5.9600
2023-10-31,2023Oct,6.0800
2023-11-30,2023Nov,6.2900
2023-12-31,2023Dec,6.3700
2024-01-31,2024Jan,6.4600
2024-02-29,2024Feb,6.5100
2024-03-31,2024Mar,6.4700
2024-04-30,2024Apr,6.4600
2024-05-31,2024May,6.5500
2024-06-30,2024Jun,6.4300
2024-07-31,2024Jul,6.4000
2024-08-31,2024Aug,6.4300
2024-09-30,2024Sep,6.3900
2024-10-31,2024Oct,6.4200
2024-11-30,2024Nov,6.4600
2024-12-31,2024Dec,6.3500
2025-01-31,2025Jan,6.3900
2025-02-28,2025Feb,6.3900
2025-03-31,2025Mar,6.4100
2025-04-30,2025Apr,6.3700
2025-05-31,2025May,6.3100
2025-06-30,2025Jun,6.1700
2025-07-31,2025Jul,5.9900
2025-08-31,2025Aug,6.0300
2025-09-30,2025Sep,5.9700
2025-10-31,2025Oct,6.0400
2025-11-30,2025Nov,6.1600
2025-12-31,2025Dec,6.0300